id,name,model_id:id,group_id:id,perm_read,perm_write,perm_create,perm_unlink
access_machine_management_user,access.machine.management.user,model_machine_management,base.group_user,1,1,1,1
access_machine_type_user,access.machine_type.user,model_machine_type,base.group_user,1,1,1,1
access_machine_transfer_user,access.machine_transfer.user,model_machine_transfer,base.group_user,1,1,1,1
access_machine_part_user,access.machine_part.user,model_machine_part,base.group_user,1,1,1,1
access_machine_tag_user,access.machine_tag.user,model_machine_tag,base.group_user,1,1,1,1
access_machine_service_user,access.machine_service.user,model_machine_service,base.group_user,1,1,1,1
