<?xml version="1.0" encoding="utf-8"?>
<odoo>
   <data>
       <record id="email_template_service" model="mail.template">
           <field name="name">SERVICE CLOSED</field>
           <field name="model_id"
                  ref="machine_management.model_machine_service"/>
           <field name="subject">Service Closed</field>
           <field name="partner_to">{{ object.customer_id.ids}}</field>
            <field name="email_from">{{ object.env.user.email}}</field>
           <field name="description">Add Description</field>
           <field name="body_html" type="html">
               <div>
                   <p>
                       Hello,
                       <br/>
                       <br/>
                       Your machine service is closed!
                       <br/>
                       <br/>
                       <br/>
                       <br/>
                       <br/>
                   </p>
               </div>
           </field>
       </record>
   </data>
</odoo>


