<?xml version="1.0" encoding="utf-8"?>
<odoo noupdate="1">

    <!-- Multi - Company Rules -->

    <record model="ir.rule" id="machine_management_company_rule">
        <field name="name">Machine Management multi-company</field>
        <field name="model_id" ref="model_machine_management"/>
        <field name="global" eval="True"/>
        <field name="domain_force"> [('company_id', 'in', company_ids)] </field>
    </record>

    <record model="ir.rule" id="machine_transfer_company_rule">
        <field name="name">Machine Transfer multi-company</field>
        <field name="model_id" ref="model_machine_transfer"/>
        <field name="global" eval="True"/>
        <field name="domain_force">
            [('machine_name_id.company_id', 'in', company_ids)] </field>
    </record>

    <record model="ir.rule" id="machine_service_company_rule">
        <field name="name">Machine Service multi-company</field>
        <field name="model_id" ref="model_machine_service"/>
        <field name="global" eval="True"/>
        <field name="domain_force">
            [('machine_name_id.company_id', 'in', company_ids)] </field>
    </record>

    <record id="machine_service_rule_tech_person" model="ir.rule">
        <field name="name">Tech Person can access his service</field>
        <field ref="model_machine_service" name="model_id"/>
        <field name="domain_force">[('tech_person_ids', 'in', user.id)]</field>
        <field name="groups" eval="[(4, ref('machine_tech_person_access'))]"/>
        <field name="perm_read" eval="True"/>
        <field name="perm_write" eval="True"/>
        <field name="perm_create" eval="False"/>
        <field name="perm_unlink" eval="False"/>
        <field name="active" eval="True"/>
    </record>

    <record id="machine_service_rule_manager" model="ir.rule">
        <field name="name">Manager can access service</field>
        <field ref="model_machine_service" name="model_id"/>
        <field name="groups" eval="[(4, ref('machine_manager_access'))]"/>
        <field name="perm_read" eval="True"/>
        <field name="perm_write" eval="True"/>
        <field name="perm_create" eval="True"/>
        <field name="perm_unlink" eval="True"/>
        <field name="active" eval="True"/>
    </record>

</odoo>