<?xml version="1.0" encoding="utf-8"?>
<odoo>
    <data noupdate="1">
       <record id="ir_cron_scheduler_recurring_action" model="ir.cron">
           <field name="name">Recurring Service</field>
           <field name="model_id" ref="model_machine_service"/>
           <field name="state">code</field>
           <field name="code">model.service_schedule()</field>
           <field name="user_id" ref="base.user_root"/>
           <field name="interval_number">1</field>
           <field name="interval_type">days</field>
           <field name="numbercall">-1</field>
       </record>
    </data>
</odoo>